Student-Id,Interests
18673,racial inequality; homelessness; education
19338,poverty; food insecurity; education
19562,food insecurity; environmental conservation
18746,animal rights; poverty; education; environmental conservation
19481,elderly care; public health; food insecurity
19392,education; youth development; environmental conservation
18759,environmental conservation; animal rights
19528,food insecurity; environmental conservation; education
18698,environmental conservation; poverty; animal rights
19237,racial inequality; homelessness; education; food insecurity
19534,public health; environmental conservation; food insecurity
19378,animal rights; education; poverty
19472,elderly care; public health; education
19513,youth development; environmental conservation; food insecurity
19324,racial inequality; homelessness; animal rights; education
19254,food insecurity; education; public health
18706,environmental conservation; poverty; public health
19219,animal rights; education; youth development; poverty
19350,elderly care; public health; food insecurity
19402,food insecurity; environmental conservation; education
18687,racial inequality; homelessness; public health
19409,environmental conservation; animal rights; education
19546,youth development; environmental conservation; animal rights
18735,elderly care; food insecurity; education
19287,poverty; public health; food insecurity
19572,environmental conservation; food insecurity; poverty
19313,racial inequality; homelessness; food insecurity
19429,animal rights; education; public health; environmental conservation
18771,education; youth development; public health
19369,elderly care; food insecurity; animal rights
19455,youth development; environmental conservation; poverty
18656,food insecurity; poverty; animal rights
19223,racial inequality; homelessness; poverty
19585,environmental conservation; education; public health
19488,public health; environmental conservation; food insecurity
18783,elderly care; public health; poverty
19268,animal rights; education; food insecurity
19599,environmental conservation; animal rights; education
19301,youth development; environmental conservation; public health
19415,elderly care; education; food insecurity
18642,poverty; food insecurity; public health
19242,food insecurity; education; environmental conservation
19521,environmental conservation; food insecurity; education
18795,racial inequality; homelessness; animal rights
19443,elderly care; public health; environmental conservation
19357,youth development; environmental conservation; food insecurity
19276,racial inequality; homelessness; animal rights; education
19507,education; public health; food insecurity
18663,poverty; animal rights; education
19466,elderly care; food insecurity; poverty
19392,food insecurity; environmental conservation; education
18717,environmental conservation; poverty; food insecurity
19299,animal rights; education; youth development; poverty
19539,racial inequality; homelessness; public health
19472,elderly care; public health; education
19336,youth development; environmental conservation; food insecurity
19552,animal rights; education; public health; environmental conservation
18729,education; youth development; public health
19261,elderly care; food insecurity; animal rights
19567,youth development; environmental conservation; poverty
18678,food insecurity; education; public health
19424,racial inequality; homelessness; poverty
19314,environmental conservation; education; food insecurity
19593,environmental conservation; food insecurity; education
18744,racial inequality; homelessness; animal rights
19282,elderly care; public health; environmental conservation
19487,youth development; environmental conservation; food insecurity
19300,racial inequality; homelessness; animal rights; education
19517,education; public health; environmental conservation
18689,poverty; animal rights; education
19456,elderly care; food insecurity; public health
19357,food insecurity; environmental conservation; youth development
19571,animal rights; education; food insecurity; poverty
18758,education; youth development; public health
19299,elderly care; public health; food insecurity
19544,environmental conservation; youth development; poverty
19338,food insecurity; education; public health
19211,racial inequality; homelessness; poverty
19583,environmental conservation; public health; food insecurity
18770,elderly care; food insecurity; education
19260,poverty; animal rights; public health
19478,elderly care; education; youth development; poverty
19324,food insecurity; environmental conservation; animal rights; education
19558,youth development; environmental conservation; public health
18677,food insecurity; education; poverty
19419,racial inequality; homelessness; animal rights
19312,elderly care; public health; food insecurity
19528,environmental conservation; food insecurity; poverty
18784,racial inequality; homelessness; food insecurity
19250,education; public health; environmental conservation
19499,education; food insecurity; environmental conservation
19341,elderly care; public health; education
19582,youth development; environmental conservation; animal rights
18796,environmental conservation; animal rights; public health
19221,poverty; animal rights; youth development; food insecurity
19435,food insecurity; environmental conservation; poverty
19302,racial inequality; homelessness; public health; education
19561,youth development; environmental conservation; education
18651,food insecurity; education; youth development
19409,elderly care; public health; food insecurity
19354,education; environmental conservation; poverty
19535,environmental conservation; food insecurity; public health
18741,environmental conservation; poverty; youth development
19285,racial inequality; homelessness; animal rights; public health
19470,elderly care; public health; education; environmental conservation
19305,youth development; environmental conservation; animal rights
19514,education; food insecurity; poverty
18636,food insecurity; public health; environmental conservation
19386,animal rights; public health; food insecurity
19464,food insecurity; environmental conservation; youth development
18755,racial inequality; homelessness; youth development; education
19232,elderly care; food insecurity; environmental conservation
19576,education; public health; animal rights
19318,racial inequality; homelessness; poverty; public health
19480,youth development; environmental conservation; public health
18664,food insecurity; poverty; public health
19379,environmental conservation; animal rights; poverty
19523,elderly care; public health; food insecurity; education
18703,food insecurity; education; environmental conservation
19243,education; food insecurity; animal rights; poverty
19404,food insecurity; environmental conservation; public health
19358,racial inequality; homelessness; public health; animal rights
19549,elderly care; public health; environmental conservation
18693,youth development; environmental conservation; food insecurity
19214,education; public health; food insecurity
19510,environmental conservation; food insecurity; education; poverty
18727,animal rights; education; public health
19493,racial inequality; homelessness; poverty; animal rights
19368,elderly care; food insecurity; poverty; environmental conservation
19564,food insecurity; environmental conservation; youth development; public health
18655,racial inequality; homelessness; food insecurity; education
19278,public health; food insecurity; education
19444,youth development; environmental conservation; poverty; animal rights
19325,elderly care; public health; environmental conservation; food insecurity
19504,education; public health; animal rights; environmental conservation
18649,environmental conservation; food insecurity; youth development; poverty
19231,food insecurity; education; poverty; animal rights
19594,racial inequality; homelessness; public health; education
19373,elderly care; public health; food insecurity; youth development
19438,education; public health; environmental conservation; poverty
18710,environmental conservation; youth development; animal rights
19205,food insecurity; public health; environmental conservation; education
19555,animal rights; public health; food insecurity; environmental conservation
19347,youth development; environmental conservation; poverty; public health
18661,elderly care; food insecurity; education; poverty
19427,education; food insecurity; animal rights; environmental conservation
19207,environmental conservation; food insecurity; poverty; public health
19579,racial inequality; homelessness; youth development; food insecurity
19389,public health; food insecurity; education; animal rights
19433,elderly care; public health; environmental conservation; youth development
18732,education; public health; environmental conservation; food insecurity
19263,food insecurity; education; youth development; public health
19567,animal rights; public health; environmental conservation; poverty
19331,youth development; environmental conservation; poverty; food insecurity
19413,elderly care; food insecurity; education; animal rights
18647,education; food insecurity; environmental conservation; animal rights
19284,environmental conservation; public health; youth development; poverty
19517,racial inequality; homelessness; food insecurity; environmental conservation
19383,public health; food insecurity; education; environmental conservation
19469,elderly care; public health; environmental conservation; poverty
18739,food insecurity; education; youth development; animal rights
19259,food insecurity; public health; education; poverty
19591,animal rights; food insecurity; environmental conservation; education
19329,youth development; environmental conservation; poverty; animal rights
19451,elderly care; food insecurity; education; environmental conservation
18660,racial inequality; homelessness; youth development; public health
19293,education; public health; food insecurity; poverty
19576,environmental conservation; public health; food insecurity; animal rights
19381,elderly care; public health; environmental conservation; food insecurity
19463,food insecurity; education; environmental conservation; poverty
18658,animal rights; food insecurity; education; environmental conservation
19277,environmental conservation; public health; youth development; animal rights
19560,elderly care; food insecurity; education; poverty
19387,education; food insecurity; animal rights; youth development
19477,youth development; environmental conservation; poverty; education
18669,racial inequality; homelessness; food insecurity; public health
19297,elderly care; public health; education; food insecurity
19584,food insecurity; education; environmental conservation; animal rights
19393,animal rights; public health; food insecurity; poverty
19488,environmental conservation; public health; youth development; poverty
18707,public health; food insecurity; environmental conservation; education
19246,education; public health; food insecurity; animal rights
19557,youth development; environmental conservation; poverty; animal rights
19323,elderly care; food insecurity; environmental conservation; education
19458,food insecurity; education; youth development; animal rights